IDFeature	txtCountry	refIDSite	txtSite	txtType_of_Feature	txtFeature	txtCulture	txtSex	txtAge	txtCommentary	dblLatitude	dblLongitude	txtReference
418	Austria	492	Asparn an der Zaya-Schletz	Grave	19	Notenkopfkeramik (Asparn)	undetermined	Infant 1/2	14C dating of the grave: 6165 ± 35 BP.	48.587222	16.494444	Fehlmann 2011, 45-46
531	Austria	107	Eggenburg	Grave	I	Earliest LPC	Female	Juvenile	The length of the pendants is measured at the outer edge of the round arch.	48.643056	15.816111	Stifft-Gottlieb 1939
532	Austria	107	Eggenburg	Grave	II	Earliest LPC	undetermined	undetermined	The length of the pendants is measured at the outer edge of the round arch.	48.643056	15.816111	Stifft-Gottlieb 1939
478	Austria	495	Hankenfeld-Saladorf	Grave	undetermined	LPC	undetermined	undetermined		48.255278	15.860278	Bayer 1921, 46-47
534	Austria	113	Kleinhadersdorf	Grave	1c	LPC	undetermined	undetermined		48.664167	16.59	Lebzelter and Zimmermann 1936
535	Austria	113	Kleinhadersdorf	Grave	3	LPC	undetermined	Child		48.664167	16.59	Lebzelter and Zimmermann 1936
415	Austria	488	Maissau	Grave	2154	LPC Ib (Mähren)	undetermined	undetermined		48.566667	15.816667	Kultus et al. 2009, 328
533	Austria	115	Pulkau	Grave	undetermined	LPC	undetermined	undetermined	Since the circumstances of the discovery of the Pulkauer grave is ambiguous, the location of the jewellery remains unknown.	48.7	15.85	Stifft-Gottlieb 1939
469	Austria	335	Rutzing	Grave	4	Notenkopfkeramik	undetermined	Infant 2		48.23646	14.204167	Kloiber and Kneidinger 1970; Anthropological analysis: Kirchengast and Winkler 1994
470	Austria	335	Rutzing	Grave	9	Notenkopfkeramik	Female	Adult		48.23646	14.204167	Kloiber and Kneidinger 1970; Anthropological analysis: Kirchengast and Winkler 1994
472	Austria	335	Rutzing	Grave	13	Notenkopfkeramik	Male	Early Adult	Number of Spondylus beads is unknown.	48.23646	14.204167	Kloiber and Kneidinger 1970; Anthropological analysis: Kirchengast and Winkler 1994
473	Austria	335	Rutzing	Grave	16	Notenkopfkeramik	undetermined	Infant 1		48.23646	14.204167	Kloiber and Kneidinger 1970; Anthropological analysis: Kirchengast and Winkler 1994
474	Austria	335	Rutzing	Grave	18	Notenkopfkeramik	Female	Adult		48.23646	14.204167	Kloiber and Kneidinger 1970; Anthropological analysis: Kirchengast and Winkler 1994
475	Austria	335	Rutzing	Grave	24	Notenkopfkeramik	undetermined	Infant 2	Number of Spondylus beads is unknown.	48.23646	14.204167	Kloiber and Kneidinger 1970; Anthropological analysis: Kirchengast and Winkler 1994
476	Austria	335	Rutzing	Grave	31	Notenkopfkeramik	undetermined	Infant 2		48.23646	14.204167	Kloiber and Kneidinger 1970; Anthropological analysis: Kirchengast and Winkler 1994
477	Austria	335	Rutzing	Grave	33	Notenkopfkeramik	Female	Juvenile/Adult		48.23646	14.204167	Kloiber and Kneidinger 1970; Anthropological analysis: Kirchengast and Winkler 1994
536	Austria	118	Taborac (Draßburg)	Pit	9a	LPC				47.746111	16.488056	Seewald 1942, 198-199
537	Austria	118	Taborac (Draßburg)	Single find	undetermined	LPC				47.746111	16.488056	Seewald 1942, 198-199
511	Austria	338	Winden am See	Surface find	undetermined	LPC				47.95	16.75	Nowak 1972, 10 Fig. 1
572	Bosnia and Herzegovina	242	Obre I	Layer	2	Starčevo/Impressed Ware				44.1009	18.13611	Benac 1973, 368
569	Bosnia and Herzegovina	243	Obre II	Layer	2	Butmir II/III			The affiliation of the artefacts to a layer is not further explained.	44.10035	18.13808	Benac 1973, 105-106
570	Bosnia and Herzegovina	243	Obre II	Layer	3	Butmir				44.10035	18.13808	Benac 1973, 105-106
571	Bosnia and Herzegovina	243	Obre II	undetermined	undetermined	Butmir				44.10035	18.13808	Benac 1973, 105-106
659	Bulgaria	416	Burgas	undetermined	undetermined	Karanovo III - KGK VII				42.5803	27.429834	Класнаков 2011, 81
12	Bulgaria	7	Durankulak	Grave	2	Hamangia I-III	Male	Adult		43.7	28.516667	Todorova 2002b, plate 1
17	Bulgaria	7	Durankulak	Grave	18	Hamangia I-III	Male	Adult		43.7	28.516667	Todorova 2002b, plate 3
26	Bulgaria	7	Durankulak	Grave	98	Hamangia I-II	undetermined	Adult		43.7	28.516667	Todorova 2002b, plate 8
30	Bulgaria	7	Durankulak	Grave	134	Hamangia I-II	undetermined	Adult		43.7	28.516667	Todorova 2002b, plate 10
32	Bulgaria	7	Durankulak	Grave	149	Hamangia I-II	Male	Adult		43.7	28.516667	Todorova 2002b, plate 11
33	Bulgaria	7	Durankulak	Grave	156	Hamangia I-II	Female	Adult		43.7	28.516667	Todorova 2002b, plate 12
601	Bulgaria	7	Durankulak	Cenotaph	186A	Hamangia I-II				43.7	28.516667	Todorova 2002b, 38 plate 6.14-15
602	Bulgaria	7	Durankulak	Grave	192	Hamangia I-II	Male	Adult	Todorovoa (2002b, 38) describes only some beads made of Spondylus together with seven beads of Malachite around the right wrist.	43.7	28.516667	Todorova 2002b, 38
603	Bulgaria	7	Durankulak	Grave	597A	Hamangia I-II	undetermined	undetermined	Rotten skeleton.	43.7	28.516667	Todorova 2002b, 60 plate 98.19
604	Bulgaria	7	Durankulak	Grave	602	Hamangia I-II	Male	Adult		43.7	28.516667	Todorova 2002b, 61, plate 101.3
605	Bulgaria	7	Durankulak	Grave	604	Hamangia I-II	Female	Adult		43.7	28.516667	Todorova 2002b, 61, plate 102.13
606	Bulgaria	7	Durankulak	Grave	606	Hamangia I-II	Male	Adult		43.7	28.516667	Todorova 2002b, 61, plate 104.4
607	Bulgaria	7	Durankulak	Cenotaph	606A	Hamangia I-II				43.7	28.516667	Todorova 2002b, 61, plate 101.5-7
608	Bulgaria	7	Durankulak	Grave	607	Hamangia I-II	Female	Adult		43.7	28.516667	Todorova 2002b, 61, plate 103.13
609	Bulgaria	7	Durankulak	Grave	611	Hamangia I-II	Female	Adult	While only 24 spondylus beads are described in the catalogue, 27 beads are shown on the plate (Todorova, 2002b, 61 and Tableau 105).	43.7	28.516667	Todorova 2002b, 61, plate 105
610	Bulgaria	7	Durankulak	Grave	614A	Hamangia I-II	undetermined	Infant	Skeleton completely rotten; presumably it is the burial of an infant.	43.7	28.516667	Todorova 2002b, 61, plate 104
611	Bulgaria	7	Durankulak	Grave	631	Hamangia I-II	Male	Adult		43.7	28.516667	Todorova 2002b, 62
612	Bulgaria	7	Durankulak	Grave	632A	Hamangia I-II	undetermined	undetermined	Rotten skeleton.	43.7	28.516667	Todorova 2002b, 62
613	Bulgaria	7	Durankulak	Grave	635A	Hamangia I-II	undetermined	Infant	Rotten skeleton.	43.7	28.516667	Todorova 2002b, 63
614	Bulgaria	7	Durankulak	Grave	643	Hamangia I-II	Male	Adult		43.7	28.516667	Todorova 2002b, 63, plate 110
615	Bulgaria	7	Durankulak	Grave	647	Hamangia I-II	undetermined	Infant 1/2	Skeleton badly preserved.	43.7	28.516667	Todorova 2002b, 63
616	Bulgaria	7	Durankulak	Grave	658	Hamangia I-II	Female	Adult		43.7	28.516667	Todorova 2002b, 64 plate 113
617	Bulgaria	7	Durankulak	Grave	658A	Hamangia I-II	undetermined	Infant	Rotten skeleton.	43.7	28.516667	Todorova 2002b, 64
618	Bulgaria	7	Durankulak	Grave	793	Hamangia I-II	Female	Adult		43.7	28.516667	Todorova 2002b, 70 plate 134
50	Bulgaria	160	Golemata Peštera	undetermined	undetermined	Starčevo				43.116942	25.607742	Gaul 1948, 41
661	Bulgaria	232	Gradešnica, Malo Pole	undetermined	undetermined	Before-Karanovo I - Karanovo V				43.483333	23.483333	Chapman and Kostov 2010, 71; Müller 1997, 100; Shackleton and Renfrew 1970, 1063
54	Bulgaria	374	Gălăbnik	Layer	VII	Karanovo I				42.401874	23.07832	Todorova 2000, 416, Fig. 5
59	Bulgaria	228	Karanovo	undetermined	without stratification	Karanovo I - KGK VI				42.511389	25.915	Biegel and Renfrew 1986, 118; Höglinger 1997, 271
83	Bulgaria	408	Sofia-Slatina	Layer	2	Karanovo I				42.682369	23.374612	Николов 2004, 12 and Fig. 4.11
493	Croatia	498	Barice	Pit	undetermined	Danilo				44.029643	15.615632	Vujević and Horvat 2012
508	Croatia	244	Danilo	undetermined	undetermined	Danilo				43.726782	16.113579	Korošec 1958/59, 209; Kukoč 2012
509	Croatia	146	Grapčeva špilja	Layer	I. E2	Danilo				43.1325	16.751944	Novak 1955, 345, plate CCXLVI; Reinecke 1939, 218
657	Croatia	514	Kargadur	Pit	undetermined	Middle Neolithic (Croatia)				44.845694	13.953769	Komšo 2006
664	Croatia	147	Ražanac	undetermined	undetermined	Late Neolithic (Croatia)				44.281944	15.348056	Kukoč 2012
576	Croatia	241	Smilčić	Grave	undetermined	Danilo	Male	Adult		44.154436	15.706185	Kukoč 2012, 181
577	Croatia	241	Smilčić	Layer	undetermined	Impressed Ware and Danilo				44.154436	15.706185	Kukoč 2012, 181
489	Croatia	478	Vinkovci	Grave	3	Vinča A	undetermined	Infant 1		45.290347	18.805161	Burić and Težak-Gregl 2010, 62-63 Fig. 5
649	Czech Republic	46	Dřevčice	undetermined	undetermined	Middle/Late LPC				50.166408	14.628209	Zápotocká 1998, 20 and 181
363	Czech Republic	47	Kadaň-Bystřice	undetermined	undetermined	LPC			The artefacts are without any context.	50.379444	13.271111	Zápotocká 1998, 179
650	Czech Republic	50	Mistřín	Grave	undetermined	LPC	undetermined	undetermined		48.9775	17.088889	Vencl 1959, 703
567	Czech Republic	51	Moravský Krumlov	undetermined	undetermined	Earliest LPC				49.044444	16.313611	Skutil 1941, 31
362	Czech Republic	48	Praha-Dejvice	Grave	undetermined	LPC	undetermined	Infant 1/2		50.1	14.366667	Zápotocká 1998, 185
651	Czech Republic	52	Prštice	Grave	undetermined	LPC	undetermined	undetermined		49.119722	16.463056	Vencl 1959, 704
652	Czech Republic	334	Přerov-Předmostí	Grave	undetermined	Latest LPC	undetermined	Child		49.455	17.448889	Jašková 1971, 28 and Tab. 20,1
491	Czech Republic	497	Strážnice	undetermined	undetermined	LPC				48.900833	17.316667	Gardelková-Vrtelová and Golej 2013
453	Czech Republic	493	Vedrovice „Za dvorem“	Grave	2/85	Earlier LPC	Male	Adult		49.015278	16.383056	Ondruš 2002, 104-107
454	Czech Republic	493	Vedrovice „Za dvorem“	Grave	5/88	Earlier LPC	undetermined	Child		49.015278	16.383056	Ondruš 2002, 107-108
455	Czech Republic	493	Vedrovice „Za dvorem“	Grave	8/88	Earlier LPC	Female	Juvenile		49.015278	16.383056	Ondruš 2002, 109-110
456	Czech Republic	493	Vedrovice „Za dvorem“	Grave	9/88	Earlier LPC	Female	Juvenile/Adult		49.015278	16.383056	Ondruš 2002, 110-115
457	Czech Republic	493	Vedrovice „Za dvorem“	Grave	14/97	Earlier LPC	undetermined	undetermined	Burial destroyed.	49.015278	16.383056	Ondruš 2002, 115-116
426	Czech Republic	54	Vedrovice „Široká u Lesa“	Grave	14/75	Earlier LPC	Female	Adult		49.015277	16.383055	Ondruš 2002, 22-23
428	Czech Republic	54	Vedrovice „Široká u Lesa“	Grave	15/75	Earlier LPC	Male	Adult		49.015277	16.383055	Ondruš 2002, 23-26
429	Czech Republic	54	Vedrovice „Široká u Lesa“	Grave	19/75	Earlier LPC	Male	Adult		49.015277	16.383055	Ondruš 2002, 28-30
430	Czech Republic	54	Vedrovice „Široká u Lesa“	Grave	36/75	Earlier LPC	Male	Adult		49.015277	16.383055	Ondruš 2002, 40-42
431	Czech Republic	54	Vedrovice „Široká u Lesa“	Grave	39/76	Earlier LPC	undetermined	Child		49.015277	16.383055	Ondruš 2002, 43-45
432	Czech Republic	54	Vedrovice „Široká u Lesa“	Grave	42/77	Earlier LPC	Female	Adult		49.015277	16.383055	Ondruš 2002, 46
433	Czech Republic	54	Vedrovice „Široká u Lesa“	Grave	46/77	Earlier LPC	Male	Adult		49.015277	16.383055	Ondruš 2002, 48-50
434	Czech Republic	54	Vedrovice „Široká u Lesa“	Grave	54/78	Earlier LPC	Male	Adult		49.015277	16.383055	Ondruš 2002, 54-56
435	Czech Republic	54	Vedrovice „Široká u Lesa“	Grave	62/78	Earlier LPC	Female	Adult		49.015277	16.383055	Ondruš 2002, 60-61
436	Czech Republic	54	Vedrovice „Široká u Lesa“	Grave	65/78	Earlier LPC	undetermined	undetermined	The pit is probably a grave.	49.015277	16.383055	Ondruš 2002, 62
437	Czech Republic	54	Vedrovice „Široká u Lesa“	Grave	69/78	Earlier LPC	Male	Adult	Necklace made of Spondylus and marble beads.	49.015277	16.383055	Ondruš 2002, 65-69
438	Czech Republic	54	Vedrovice „Široká u Lesa“	Grave	70/79	Earlier LPC	Male	Adult		49.015277	16.383055	Ondruš 2002, 69-71
439	Czech Republic	54	Vedrovice „Široká u Lesa“	Grave	75/79	Earlier LPC	Female	Adult		49.015277	16.383055	Ondruš 2002, 74-75
440	Czech Republic	54	Vedrovice „Široká u Lesa“	Grave	78/79	Earlier LPC	undetermined	Child	A marble disc was found on the front a the Spondylus pendant on the tailbone.	49.015277	16.383055	Ondruš 2002, 77-78
441	Czech Republic	54	Vedrovice „Široká u Lesa“	Grave	79/79	Earlier LPC	Male	Adult		49.015277	16.383055	Ondruš 2002, 78-79
442	Czech Republic	54	Vedrovice „Široká u Lesa“	Grave	81ab/79	Earlier LPC	Female	Adult		49.015277	16.383055	Ondruš 2002, 80-81
443	Czech Republic	54	Vedrovice „Široká u Lesa“	Grave	83/80	Earlier LPC	Female	Adult		49.015277	16.383055	Ondruš 2002, 82-83
444	Czech Republic	54	Vedrovice „Široká u Lesa“	Grave	86	Earlier LPC	Female	Adult		49.015277	16.383055	Ondruš 2002, 84-85
445	Czech Republic	54	Vedrovice „Široká u Lesa“	Grave	90/80	Earlier LPC	Female	Adult		49.015277	16.383055	Ondruš 2002, 87
446	Czech Republic	54	Vedrovice „Široká u Lesa“	Grave	91/80	Earlier LPC	Female	Adult		49.015277	16.383055	Ondruš 2002, 87-88
447	Czech Republic	54	Vedrovice „Široká u Lesa“	Grave	93ab/80	Earlier LPC	Female	Adult		49.015277	16.383055	Ondruš 2002, 89-90
448	Czech Republic	54	Vedrovice „Široká u Lesa“	Grave	95/80	Earlier LPC	undetermined	Child		49.015277	16.383055	Ondruš 2002, 90
449	Czech Republic	54	Vedrovice „Široká u Lesa“	Grave	96/80	Earlier LPC	undetermined	Child		49.015277	16.383055	Ondruš 2002, 90-91
450	Czech Republic	54	Vedrovice „Široká u Lesa“	Grave	100/81	Earlier LPC	Female	Adult		49.015277	16.383055	Ondruš 2002, 93-94
451	Czech Republic	54	Vedrovice „Široká u Lesa“	Grave	102/81	Earlier LPC	Female	Adult		49.015277	16.383055	Ondruš 2002, 95
452	Czech Republic	54	Vedrovice „Široká u Lesa“	Surface find	Surface findings	Earlier LPC				49.015277	16.383055	Ondruš 2002, 99-100
458	Czech Republic	54	Vedrovice „Široká u Lesa“	Grave	72/79	Earlier LPC	Female	Adult		49.015277	16.383055	Ondruš 2002, 72-73
459	Czech Republic	54	Vedrovice „Široká u Lesa“	undetermined	undetermined	LPC				49.015277	16.383055	Ondruš 2002, 120 - 121; Podborský 2002c; Podborský 2002b
361	Czech Republic	49	Vejvanovice	Grave	undetermined	Latest LPC	undetermined	Infant 1/2		49.966667	15.883333	Zápotocká 1998, 190
392	France	446	Berry-au-Bac	Grave	610	Latest LPC (France)	Female	Adult		49.403611	3.901389	Bonnardin 2009
390	France	313	Breuschwickersheim	Grave	2	Middle LPC	Female	Mature/Senile		48.579722	7.601667	Bonnardin 2009
393	France	447	Bucy-le-Long - la Fosselle	Grave	70	Latest LPC (France)	Female	Mature		49.391389	3.394722	Bonnardin 2009
394	France	447	Bucy-le-Long - la Fosselle	Grave	91	Latest LPC (France)	Female	Mature		49.391389	3.394722	Bonnardin 2009
395	France	447	Bucy-le-Long - la Fosselle	Grave	100	Latest LPC (France)	Male	Adult		49.391389	3.394722	Bonnardin 2009
396	France	319	Chaumont	Grave	3	Latest LPC (France)	undetermined	undetermined	Skeleton destroyed.	48.323889	3.103611	Bonnardin 2009
397	France	319	Chaumont	undetermined	undetermined	LPC				48.323889	3.103611	Bonnardin 2009, plate 109 B
398	France	315	Cys-la-Commune	Grave	undetermined	Latest LPC (France)	undetermined	Adult	The number of calcium and cardium beads is not given. Furthermore, the grave is listed in the catalogue without number, but on the plates as grave No. 45 (Bonnardin, 2009).	49.3925	3.573056	Bonnardin 2009
399	France	317	Dijon	Grave	1	Middle LPC	undetermined	undetermined		47.323056	5.041944	Bonnardin 2009
374	France	441	Ensisheim «Les Octrois»	Grave	13	Latest LPC (France)	undetermined	Infant 1		47.8664	7.3531	Bonnardin 2009
375	France	441	Ensisheim «Les Octrois»	Grave	14	Latest LPC (France)	undetermined	Infant 1		47.8664	7.3531	Bonnardin 2009
376	France	441	Ensisheim «Les Octrois»	Grave	35	Latest LPC (France)	Male	Adult		47.8664	7.3531	Bonnardin 2009
377	France	441	Ensisheim «Les Octrois»	Grave	37	Latest LPC (France)	Male	Adult		47.8664	7.3531	Bonnardin 2009
378	France	441	Ensisheim «Les Octrois»	Grave	40	Latest LPC (France)	Male	Adult		47.8664	7.3531	Bonnardin 2009
379	France	441	Ensisheim «Les Octrois»	undetermined	undetermined	Uncertain				47.8664	7.3531	Bonnardin 2009
380	France	486	Ensisheim «Ratfeld»	undetermined	undetermined	LPC				47.8665	7.3532	Bonnardin 2009
400	France	71	Frignicourt	Grave	1	Middle LPC	undetermined	Adult	According to Bonnardin (2009), the grave contained not only Michelsberg ceramics but also a fragmented bracelet made of bronze.	48.702476	4.588983	Bonnardin 2009
401	France	448	Gron «Les Sablons»	Grave	69	Latest LPC (France)	undetermined	Adult		48.158333	3.264167	Bonnardin 2009
402	France	448	Gron «Les Sablons»	Grave	329	Latest LPC (France)	undetermined	undetermined	It is unclear whether there is an image of the Spondylus bead, as the plate and the catalogue contradict each other.	48.158333	3.264167	Bonnardin 2009
381	France	86	Hœnheim	undetermined	undetermined	LPC				48.624167	7.754722	Bonnardin 2009
403	France	318	Larzicourt	Grave	4	Middle LPC	Female	Juvenile		48.6367	4.7128	Bonnardin 2009
404	France	318	Larzicourt	Grave	5	Middle LPC	undetermined	Infant 1/2		48.6367	4.7128	Bonnardin 2009
406	France	480	Maizy-sur-Aisne «Les Grands Aisements»	Grave	45	Latest LPC (France)	Female	Adult		49.3775	3.735	Bonnardin 2009
407	France	480	Maizy-sur-Aisne «Les Grands Aisements»	Grave	48	Latest LPC (France)	Female	Adult		49.3775	3.735	Bonnardin 2009
408	France	449	Menneville «Derrière le Village»	Grave	192	Latest LPC (France)	undetermined	Infant 1		49.42	4.008889	Bonnardin 2009
409	France	449	Menneville «Derrière le Village»	Grave	251	Latest LPC (France)	undetermined	Adult		49.42	4.008889	Bonnardin 2009
382	France	198	Merxheim	Grave	1	LPC	undetermined	undetermined		47.910833	7.2925	Bonnardin 2009
410	France	450	Montereau	Grave	undetermined	LPC	undetermined	undetermined		48.3853	2.9508	Bonnardin 2009
383	France	445	Mulhouse-Est «Île Napoléon»	Grave	1	Middle LPC	undetermined	Infant 1/2		47.748611	7.339444	Bonnardin 2009
384	France	445	Mulhouse-Est «Île Napoléon»	Grave	2	Middle LPC	Female	undetermined		47.748611	7.339444	Bonnardin 2009
385	France	445	Mulhouse-Est «Île Napoléon»	Grave	5	Middle LPC	undetermined	Infant 1		47.748611	7.339444	Bonnardin 2009
386	France	445	Mulhouse-Est «Île Napoléon»	Grave	6	Middle/Late LPC	Female	undetermined		47.748611	7.339444	Bonnardin 2009
387	France	445	Mulhouse-Est «Île Napoléon»	Grave	14	Latest LPC (France)	Female	undetermined		47.748611	7.339444	Bonnardin 2009
388	France	445	Mulhouse-Est «Île Napoléon»	Grave	19	Middle LPC	Male	Adult/Mature		47.748611	7.339444	Bonnardin 2009
389	France	445	Mulhouse-Est «Île Napoléon»	Grave	24	Middle LPC	undetermined	Infant		47.748611	7.339444	Bonnardin 2009
411	France	451	Orconte «Les Noues»	Grave	5	Middle LPC	undetermined	Infant 1/2		48.6706	4.7361	Bonnardin 2009
412	France	314	Vert-la-Gravelle	Grave	1	Middle LPC	Female	Adult		48.845	3.9125	Bonnardin 2009
413	France	72	Vignely	Grave	1	Latest LPC (France)	undetermined	undetermined		48.9308	2.81	Bonnardin 2009
414	France	452	Villeneuve-la-Guyard «Prépoux»	Grave	251	Latest LPC (France)	undetermined	undetermined		48.34	3.064444	Bonnardin 2009
391	France	96	Wettolsheim	Grave	1	Middle LPC	undetermined	undetermined		48.056944	7.299444	Bonnardin 2009
674	France	477	Épône	Grave	undetermined	Latest LPC (France)	undetermined	undetermined		48.956389	1.816111	Séfériadès 1995, 358 Fig. 27
530	Germany	73	Adlerberg near Worms	Grave	25	Latest LPC	undetermined	Infant 2/Juvenile		49.61098	8.36261	Richter 1968/69, 174-176
315	Germany	306	Aiterhofen-Ödmühle	Grave	2	Latest LPC	undetermined	undetermined	Two elongated beads were followed by two shorter ones at the necklace.	48.85	12.616667	Nieszery 1995, 264
316	Germany	306	Aiterhofen-Ödmühle	Grave	9	Latest LPC	Female	Adult		48.85	12.616667	Nieszery 1995, 265
317	Germany	306	Aiterhofen-Ödmühle	Grave	10	Latest LPC	Male	Senile		48.85	12.616667	Nieszery 1995, 265
318	Germany	306	Aiterhofen-Ödmühle	Grave	11	Latest LPC	Female	Mature/Senile		48.85	12.616667	Nieszery 1995, 266
319	Germany	306	Aiterhofen-Ödmühle	Grave	12	Latest LPC	Male	Adult		48.85	12.616667	Nieszery 1995, 266
320	Germany	306	Aiterhofen-Ödmühle	Grave	13	Latest LPC	undetermined	Adult		48.85	12.616667	Nieszery 1995, 266
321	Germany	306	Aiterhofen-Ödmühle	Grave	15	Latest LPC	Male	Adult	The grave was almost completely destroyed, therefore a complete preservation of the inventory is unlikely.	48.85	12.616667	Nieszery 1995, 266-267
322	Germany	306	Aiterhofen-Ödmühle	Grave	18	Latest LPC	Male	Mature		48.85	12.616667	Nieszery 1995, 267
323	Germany	306	Aiterhofen-Ödmühle	Grave	19	Latest LPC	undetermined	Infant 2		48.85	12.616667	Nieszery 1995, 267-268
324	Germany	306	Aiterhofen-Ödmühle	Grave	25	Latest LPC	Male	Mature		48.85	12.616667	Nieszery 1995, 269
325	Germany	306	Aiterhofen-Ödmühle	Grave	28	Latest LPC	Male	Adult		48.85	12.616667	Nieszery 1995, 269-270
326	Germany	306	Aiterhofen-Ödmühle	Grave	32	Latest LPC	Female	Senile		48.85	12.616667	Nieszery 1995, 270-271
327	Germany	306	Aiterhofen-Ödmühle	Grave	41	Latest LPC	undetermined	Infant 2		48.85	12.616667	Nieszery 1995, 272
328	Germany	306	Aiterhofen-Ödmühle	Grave	48	Latest LPC	Male	Adult		48.85	12.616667	Nieszery 1995, 274
329	Germany	306	Aiterhofen-Ödmühle	Grave	60	Latest LPC	Female	Mature		48.85	12.616667	Nieszery 1995, 276
330	Germany	306	Aiterhofen-Ödmühle	Grave	61	Latest LPC	Male	Adult		48.85	12.616667	Nieszery 1995, 276
331	Germany	306	Aiterhofen-Ödmühle	Grave	68	Latest LPC	Female	Mature		48.85	12.616667	Nieszery 1995, 278
332	Germany	306	Aiterhofen-Ödmühle	Grave	139	Latest LPC	Male	Juvenile		48.85	12.616667	Nieszery 1995, 291-292
333	Germany	306	Aiterhofen-Ödmühle	Grave	141	Latest LPC	Male	Adult		48.85	12.616667	Nieszery 1995, 292
334	Germany	306	Aiterhofen-Ödmühle	Grave	143	Latest LPC	undetermined	Juvenile		48.85	12.616667	Nieszery 1995, 292-293
335	Germany	306	Aiterhofen-Ödmühle	Surface find	undetermined	Latest LPC				48.85	12.616667	Nieszery 1995, 316
213	Germany	74	Arnstadt Stadtrandsiedlung	Grave	undetermined	LPC	Female	Juvenile		50.834167	10.946389	Kahlke 1953/54b
369	Germany	75	Bernburg	undetermined	undetermined	LPC				51.793611	11.7425	Butschkow 1935, 116; Pfeiffer 1914, 83; Virchow 1884
212	Germany	44	Bischleben	Grave	4	Earlier LPC	undetermined	undetermined		50.9325	10.984722	Kahlke 1953/54a
568	Germany	78	Bliederstedt	undetermined	undetermined	Earlier LPC				51.269167	10.855278	Neumann 1939
209	Germany	301	Bornstedt	Grave	undetermined	Middle LPC	undetermined	Infant 1/2		51.483056	11.483056	Marschall 1970
272	Germany	302	Bruchstedt	Grave	BR/13	Earlier LPC	Female	Early Adult	Double grave with BR/14.	51.183889	10.784444	Kahlke 2004, 76-78
201	Germany	163	Derenburg	Grave	DBG 600	Latest LPC	Female	Mature		51.866667	10.9	Fritsch et al. 2008, 115-116
202	Germany	163	Derenburg	Grave	604/3	Latest LPC	Female	Adult/Mature		51.866667	10.9	Fritsch et al. 2008, 119-120
203	Germany	163	Derenburg	Grave	DBG 708	Latest LPC	Female	Adult/Mature	The beads (ID 5523 - ID 5528) were relocated by small mammals.	51.866667	10.9	Fritsch et al. 2008, 131-132
364	Germany	440	Egeln	Grave	undetermined	LPC	undetermined	Infant 1/2		51.943889	11.433056	Biermann 2001-2003; Hoffmann 1978, 186
358	Germany	304	Eilsleben	undetermined	undetermined	Latest LPC				52.149722	11.216667	Kaufmann 1980, 204
214	Germany	80	Erfurt-Steiger	Grave	undetermined	LPC	Female	Adult		50.949444	11.0175	Zschiesche 1905
346	Germany	483	Essenbach- Ammerbreite	Grave	1	Latest LPC	undetermined	Infant 1		48.616667	12.216667	Brink-Kloke 1990, 455-456
347	Germany	483	Essenbach- Ammerbreite	Grave	3	Latest LPC	undetermined	Juvenile		48.616667	12.216667	Brink-Kloke 1990, 458-459
348	Germany	483	Essenbach- Ammerbreite	Grave	18	Latest LPC	Female	Mature	Artefacts were not uncovered in situ.	48.616667	12.216667	Brink-Kloke 1990, 469
349	Germany	483	Essenbach- Ammerbreite	Grave	23	Latest LPC	Male	Late Mature		48.616667	12.216667	Brink-Kloke 1990, 473
350	Germany	483	Essenbach- Ammerbreite	Grave	29	Latest LPC	undetermined	Adult		48.616667	12.216667	Brink-Kloke 1990, 477
351	Germany	483	Essenbach- Ammerbreite	Grave	30	Latest LPC	Male	Late Adult		48.616667	12.216667	Brink-Kloke 1990, 480-481
521	Germany	81	Flomborn	Grave	1	Flomborn	undetermined	undetermined		49.690556	8.149167	Richter 1968/69, 160
522	Germany	81	Flomborn	Grave	7	Flomborn	undetermined	undetermined		49.690556	8.149167	Richter 1968/69, 160
523	Germany	81	Flomborn	Grave	39	Flomborn	undetermined	undetermined		49.690556	8.149167	Richter 1968/69, 166
524	Germany	81	Flomborn	Grave	28	Flomborn	undetermined	undetermined		49.690556	8.149167	Richter 1968/69, 164
525	Germany	81	Flomborn	Grave	40	Flomborn	Male	Mature		49.690556	8.149167	Richter 1968/69, 168
526	Germany	81	Flomborn	Grave	44	Flomborn	undetermined	undetermined		49.690556	8.149167	Richter 1968/69, 168
527	Germany	81	Flomborn	Grave	67	Flomborn	undetermined	undetermined		49.690556	8.149167	Richter 1968/69, 170
528	Germany	81	Flomborn	Grave	73	Flomborn	undetermined	undetermined		49.690556	8.149167	Richter 1968/69, 170
529	Germany	81	Flomborn	Grave	75	Flomborn	undetermined	Early Adult		49.690556	8.149167	Richter 1968/69, 172
368	Germany	82	Friedensdorf	Single find	undetermined	LPC				51.351667	12.064444	Butschkow 1935, 116
366	Germany	83	Großörner	undetermined	undetermined	LPC				51.616111	11.321667	Butschkow 1935, 105
205	Germany	479	Halberstadt - Sonntagsfeld	Grave	HBS 139	Latest LPC	Female	Adult		51.898056	11.056667	Fritsch et al. 2008, 132
206	Germany	479	Halberstadt - Sonntagsfeld	Grave	HBS 847	Latest LPC	Female	Mature/Senile		51.898056	11.056667	Fritsch et al. 2008, 153
215	Germany	84	Helfta	undetermined	undetermined	LPC				51.508583	11.584161	Butschkow 1935, 109
356	Germany	429	Herxheim	Grave	1237	LPC	Female	Adult		49.146944	8.22	Haack 2008, 125
682	Germany	537	Höngeda	Grave	165	Middle LPC	Female	Adult/Mature		51.181944	10.503333	Küßner 2017
683	Germany	537	Höngeda	Grave	191	Middle LPC		Infant		51.181944	10.503333	Küßner 2017
684	Germany	537	Höngeda	Grave	192	Middle LPC	Female	Late Adult		51.181944	10.503333	Küßner 2017
685	Germany	537	Höngeda	Grave	215	Middle LPC	Female	Early Adult		51.181944	10.503333	Küßner 2017
686	Germany	539	Kleinfahner	Grave	2	LPC	Female	Adult	Adult woman together with a foetus.	51.0375	10.845	Walter 1991
679	Germany	303	Körner	Single find	undetermined	LPC				51.231111	10.5875	Barth 1962; Nieszery 1995, 180
344	Germany	307	Mangolding	Grave	8	Latest LPC	Female	Adult		48.951944	12.245833	Nieszery 1995, 311
345	Germany	307	Mangolding	Single find	undetermined	LPC			The artefact ID 7059 could be grave goods from burial No. 4, but the grave is completely destroyed.	48.951944	12.245833	Nieszery 1995, 310
357	Germany	88	Michelsberg bei Fronhofen	undetermined	undetermined	LPC				48.735524	10.564526	Frickhinger 1926, 70-71
359	Germany	89	Mölsheim	Grave	undetermined	LPC	undetermined	undetermined		49.646667	8.169444	Koehl 1903, 24
673	Germany	517	Reinsdorf an der Unstrut (Nebra)	undetermined	undetermined	Uncertain				51.299722	11.599722	Grössler 1902, 112-113; Pfeiffer 1914, 69
360	Germany	93	Rheindürkheim	Grave	VI	Hinkelstein	undetermined	undetermined		49.698333	8.357778	Zápotocká 1972, 329-330
210	Germany	94	Salpeterhütte bei Markwerben	undetermined	undetermined	LPC				51.214952	11.931794	Niklassen 1927, 4
352	Germany	434	Schwetzingen	Grave	48	Late/Latest LPC	Female	Late Adult		49.383333	8.566667	Gerling 2012, 146
353	Germany	434	Schwetzingen	Grave	99	Middle/begin of Late LPC	Female	Late Adult	Horizontal stratigraphic evidence dates the grave into the middle and the beginning younger phase of the Linear Pottery Culture (Gerling, 2012, 117).	49.383333	8.566667	Gerling 2012, 160
354	Germany	434	Schwetzingen	Grave	151	Middle/begin of Late LPC	Female	Adult		49.383333	8.566667	Gerling 2012, 175
355	Germany	434	Schwetzingen	Grave	170	Middle/begin of Late LPC	Female	Early Adult	Horizontal stratigraphic evidence dates the grave into the middle and the beginning younger phase of the Linear Pottery Culture (Gerling, 2012, 117).	49.383333	8.566667	Gerling 2012, 180
336	Germany	308	Sengkofen	Grave	1	Latest LPC	undetermined	undetermined	The grave is disturbed.	48.924581	12.288987	Nieszery 1995, 305
337	Germany	308	Sengkofen	Grave	4	Latest LPC	undetermined	undetermined		48.924581	12.288987	Nieszery 1995, 305
338	Germany	308	Sengkofen	Grave	9	Latest LPC	undetermined	Adult		48.924581	12.288987	Nieszery 1995, 305-306
339	Germany	308	Sengkofen	Grave	10	Latest LPC	Male	Mature	Double grave together with one child (Infant I).	48.924581	12.288987	Nieszery 1995, 306
340	Germany	308	Sengkofen	Grave	21	Latest LPC	undetermined	Infant 2/Juvenile		48.924581	12.288987	Nieszery 1995, 307-308
341	Germany	308	Sengkofen	Grave	23	Latest LPC	undetermined	undetermined		48.924581	12.288987	Nieszery 1995, 308
342	Germany	308	Sengkofen	Grave	26	Latest LPC	Male	Early Adult		48.924581	12.288987	Nieszery 1995, 308
343	Germany	308	Sengkofen	Grave	29	Latest LPC	Female	Early Adult		48.924581	12.288987	Nieszery 1995, 309
226	Germany	95	Sondershausen	Grave	SO/10	Earlier LPC	undetermined	Infant 2		51.370833	10.872222	Kahlke 2004, 21
229	Germany	95	Sondershausen	Grave	SO/13	Earlier LPC	Female	Early Adult	The funeral is partially disturbed. Some sherds were found above the dead body.	51.370833	10.872222	Kahlke 2004, 21-23
233	Germany	95	Sondershausen	Grave	SO/17	Earlier LPC	Female	Early Mature		51.370833	10.872222	Kahlke 2004, 24
248	Germany	95	Sondershausen	Grave	SO/32	Earlier LPC	Female	Early Adult		51.370833	10.872222	Kahlke 2004, 32
256	Germany	95	Sondershausen	Grave	SO/42	Earlier LPC	Female	Early Adult		51.370833	10.872222	Kahlke 2004, 36
365	Germany	309	Straubing	Grave	undetermined	LPC	undetermined	undetermined	While Keim (1957, 127) mentions only four white pearls, Maier (1964, 24) refers to jewellery made of Spondylus.	48.87502	12.581079	Keim 1957; Maier 1964, 24
370	Germany	340	Stuttgart-Mühlhausen	Grave	II-48	Earlier LPC	Male	Mature		48.843056	9.229167	Price et al. 2003, 37
371	Germany	340	Stuttgart-Mühlhausen	Grave	II-55	Earlier LPC	Male	Adult		48.843056	9.229167	Price et al. 2003, 37
372	Germany	415	Vaihingen	Grave	128	LPC	undetermined	Infant 1	Grave within the settlement.	48.7301	9.1097	Krause 2000, 25
573	Germany	311	Wittmar	Grave	38	Middle LPC	Female	Early Adult		52.129722	10.64	Rötting 1983, 142
574	Germany	311	Wittmar	Grave	33	Middle LPC	Female	Mature		52.129722	10.64	Rötting 1983, 142
207	Germany	97	Wulfen (Kreis Köthen)	Grave	undetermined	LPC	Female	Juvenile	Measurement of beads ID 5565 - 5570 is not possible. The length is between 1.95 and 3.3 cm and the diameter between 0.95 and 1.2 cm.	51.816667	11.933056	Laser 1959, 87-89
211	Germany	300	Zauschwitz	Grave	undetermined	Latest LPC	undetermined	Infant 2		51.166667	12.25	Neugebauer and Coblenz 1960
658	Greece	458	Agios Petros	undetermined	undetermined	EN - MN (Greece)				39.3333333	24	Efstratiou 1985
633	Greece	352	Avgi	undetermined	undetermined	MN - LN (Greece)				40.448794	21.176436	Theodoropoulou 2011
185	Greece	426	Choirospilia	undetermined	undetermined	Uncertain				38.618616	20.655172	Dörpfeld 1927, plate 82a
111	Greece	351	Dikili Tash	undetermined	undetermined	MN - LN (Greece)				41.00984	24.300652	Erard-Cerceau 1992; Karali-Yanakopoulou 1992
419	Greece	350	Dimitra	Section	1/2	MN - LN (Greece)				40.979173	23.866378	Karali 1997
105	Greece	354	Dispilio (Eastern part)	Layer	B1	Late Neolithic (Greece)			There are some artefacts in Dispilio, which are similar to the Central European V-Klappen, but Veropoulidou and Ifantidis (2004, 73) describe them as hook-shaped sceptres.	40.480556	21.2875	Veropoulidou and Ifantidis 2004
106	Greece	354	Dispilio (Eastern part)	Layer	B2	Late Neolithic (Greece)				40.480556	21.2875	Veropoulidou and Ifantidis 2004
107	Greece	354	Dispilio (Eastern part)	Layer	B3	Late Neolithic (Greece)			All the bracelets are fragmented.	40.480556	21.2875	Veropoulidou and Ifantidis 2004
108	Greece	354	Dispilio (Eastern part)	Layer	C	Middle neolithic (Greece)			Except one ring, their state of preservation is only between 5 - 80 %.	40.480556	21.2875	Veropoulidou and Ifantidis 2004
635	Greece	424	Drakaina	undetermined	undetermined	MN - LN (Greece)				38.15	20.766667	Karkanas and Stratouli 2008, 38
151	Greece	221	Franchthi-Höhle	Section	G	Franchthi-cave (C-14)				37.422456	23.132222	Shackleton et al. 1988, 106-123
152	Greece	221	Franchthi-Höhle	Section	A	Franchthi-cave (C-14)				37.422456	23.132222	Shackleton et al. 1988, 106-123
153	Greece	221	Franchthi-Höhle	Section	F1	Franchthi-cave (C-14)				37.422456	23.132222	Shackleton et al. 1988, 106-123
154	Greece	221	Franchthi-Höhle	Section	H	Franchthi-cave (C-14)				37.422456	23.132222	Shackleton et al. 1988, 106-123
155	Greece	221	Franchthi-Höhle	Section	H1	Franchthi-cave (C-14)				37.422456	23.132222	Shackleton et al. 1988, 106-123
156	Greece	221	Franchthi-Höhle	Section	FA	Franchthi-cave (C-14)				37.422456	23.132222	Shackleton et al. 1988, 106-123
157	Greece	221	Franchthi-Höhle	Section	FAN	Franchthi-cave (C-14)				37.422456	23.132222	Shackleton et al. 1988, 106-123
158	Greece	221	Franchthi-Höhle	Section	H2A	Franchthi-cave (C-14)				37.422456	23.132222	Shackleton et al. 1988, 106-123
159	Greece	221	Franchthi-Höhle	Section	FAS	Franchthi-cave (C-14)				37.422456	23.132222	Shackleton et al. 1988, 106-123
160	Greece	221	Franchthi-Höhle	Section	H2B	Franchthi-cave (C-14)				37.422456	23.132222	Shackleton et al. 1988, 106-123
161	Greece	221	Franchthi-Höhle	Section	L5NE	Franchthi-cave (C-14)				37.422456	23.132222	Shackleton et al. 1988, 106-123
162	Greece	221	Franchthi-Höhle	Section	O5NE	Franchthi-cave (C-14)				37.422456	23.132222	Shackleton et al. 1988, 106-123
163	Greece	221	Franchthi-Höhle	Section	P5	Franchthi-cave (C-14)				37.422456	23.132222	Shackleton et al. 1988, 106-123
164	Greece	221	Franchthi-Höhle	Section	Q5S	Franchthi-cave (C-14)				37.422456	23.132222	Shackleton et al. 1988, 106-123
165	Greece	221	Franchthi-Höhle	Section	Q4	Franchthi-cave (C-14)				37.422456	23.132222	Shackleton et al. 1988, 106-123
166	Greece	221	Franchthi-Höhle	Section	L5	Franchthi-cave (C-14)				37.422456	23.132222	Shackleton et al. 1988, 106-123
167	Greece	221	Franchthi-Höhle	Section	P5-Q5	Franchthi-cave (C-14)				37.422456	23.132222	Shackleton et al. 1988, 106-123
168	Greece	221	Franchthi-Höhle	Section	O5	Franchthi-cave (C-14)				37.422456	23.132222	Shackleton et al. 1988, 106-123
169	Greece	221	Franchthi-Höhle	Section	FA QSE	Franchthi-cave (C-14)				37.422456	23.132222	Shackleton et al. 1988, 106-123
170	Greece	221	Franchthi-Höhle	Section	FF1	Franchthi-cave (C-14)				37.422456	23.132222	Shackleton et al. 1988, 106-123
171	Greece	221	Franchthi-Höhle	Section	Q6N	Franchthi-cave (C-14)				37.422456	23.132222	Shackleton et al. 1988, 106-123
172	Greece	221	Franchthi-Höhle	Section	Q5N	Franchthi-cave (C-14)				37.422456	23.132222	Shackleton et al. 1988, 106-123
425	Greece	347	Kitsos-Cave	Layer	various	Late Neolithic (Greece)				37.733679	23.999748	Chevallier 1981, 623-624; Vialou 1981, 410, 413, Fig. 282 plate 50 3,5-6
186	Greece	427	Knossos	Layer	5	Late Neolithic I (Greece)				35.297778	25.163611	Evans 1964, 54; Reese 1987, 128
184	Greece	425	Korykische Höhle	Layer	3b	Late Neolithic (Greece)				38.515	22.520556	Perlès et al. 1981, 159-160
420	Greece	362	Kryoneri	Layer	I	Late Neolithic I (Greece)				40.874775	23.817534	Theodoropoulou 2007, 291
421	Greece	362	Kryoneri	Layer	II	Late Neolithic II (Greece)				40.874775	23.817534	Theodoropoulou 2007, 291
422	Greece	361	Limenaria	Section	Χ,Φ,Η	MN - LN (Greece)				40.627778	24.576667	Theodoropoulou 2007, 323
96	Greece	353	Makriyalos	undetermined	MKI	Late Neolithic (Greece)				40.4283333	22.59	Pappa and Veropoulidou 2011
424	Greece	355	Megalo Nisi Galanis	undetermined	undetermined	Late Neolithic (Greece)				40.454488	21.777683	Theodoropoulou 2007, 461
98	Greece	176	Olynthus	Layer	undetermined	Late Neolithic (Greece)				40.296563	23.354272	Robinson and Mylonas 1929, 81
183	Greece	371	Paradeisos	Layer	1	Late Neolithic (Greece)				41.075081	24.7580337	Reese 1987, 127-129
636	Greece	371	Paradeisos	Layer	2	Late Neolithic (Greece)				41.075081	24.7580337	Reese 1987, 127-129
113	Greece	218	Saliagos	undetermined	undetermined	Late Neolithic (Greece)				37.04802	25.09582	Evans and Renfrew 1968, 65, 127
91	Greece	223	Sitagroi	Layer	2	Sitagroi 2				41.116667	24.033333	Nikolaidou 2003, 383-401; Shackleton 2003, 366-368
587	Greece	223	Sitagroi	Layer	1	Karanovo III				41.116667	24.033333	Nikolaidou 2003, 383-401; Shackleton 2003, 366-368
590	Greece	364	Stavroupoli	Feature	T II 54	MN - LN (Greece)				40.667749	22.937536	Karali 2002, 789
595	Greece	364	Stavroupoli	Layer	undetermined	MN - LN (Greece)				40.667749	22.937536	Karali 2002; Karali 2004, 554-557; Theodoropoulou 2011, 98
175	Greece	177	Sérvia	Layer	6	Sérvia 6-7				40.197222	22.013889	Mould et al. 2000, 276-285
629	Greece	177	Sérvia	Layer	1	Sérvia 1-5				40.197222	22.013889	Mould et al. 2000, 276-285
630	Greece	177	Sérvia	Layer	4/5/7	Sérvia 1-7				40.197222	22.013889	Mould et al. 2000, 276-285
631	Greece	177	Sérvia	Layer	4	Sérvia 1-5				40.197222	22.013889	Mould et al. 2000, 276-285
188	Greece	428	Theben (Thessalien)	undetermined	undetermined	Uncertain				39.271111	22.75	Reese 1987, 128; Theocharis 1973, Fig. 271
588	Greece	366	Thermi	undetermined	undetermined	Uncertain				40.545414	23.022147	Pappa et al. 2000, 186, Fig.9; Theodoropoulou 2011, 98
634	Greece	366	Thermi	undetermined	undetermined	MN - LN (Greece)				40.545414	23.022147	Theodoropoulou 2011, 98
187	Greece	179	Tsangli	undetermined	undetermined	MN - LN (Greece)				39.4	22.116666667	Reese 1987, 128; Wace and Thompson 1912, 125, Fig. 78.a, e-g
637	Greece	365	Vassilika	undetermined	undetermined	MN - LN (Greece)				40.479366	23.135702	Theodoropoulou 2011, 98
681	Hungary	533	Alsónyék-Bátaszék	Grave	476	Sopot (Alsónyék-Bátaszék, grave 476)	undetermined	Adult		46.2	18.733333	Oross et al. 2013
666	Hungary	275	Balatonszárszó-Kis-erdei-dűlő	Grave	288	Alföld LPC	undetermined	Child		46.829539	17.8351	Oross and Marton 2012, 271
667	Hungary	275	Balatonszárszó-Kis-erdei-dűlő	Grave	770	Alföld LPC	Male	Adult/Mature		46.829539	17.8351	Oross and Marton 2012, 272
665	Hungary	273	Csanytelek-Újhalastó	Grave	136	Szakálhát	undetermined	Child		46.60619	20.10483	Hegedüs 1982-83, 25-26 Fig. 13-14
582	Hungary	504	Ecseg	undetermined	undetermined	Alföld LPC				47.89653	19.60615	Siklósi 2004, 15
623	Hungary	414	Endrőd-Öregszőlők	Pit	undetermined	Körös				46.936281	20.82345	Siklósi 2004, 13
543	Hungary	323	Etyek-Botpuszta	undetermined	undetermined	LPC				47.456965	18.723526	Zápotocká 1984, 53
544	Hungary	253	Felsővadász-Várdomb	Grave	1a	Bükk	undetermined	undetermined	Double grave.	48.370461	20.9155	Koós 1986, 104
545	Hungary	264	Füzesabony-Gubakút	Grave	9	Alföld LPC (Füzesabony–Gubakút phase 2)	Male	Adult	The grave dates into the second phase of settlement (Whittle et al., 2013, 65).	47.751377	20.414679	Domboróczki 1997, plate 31-32; Whittle et al. 2013, 66
546	Hungary	264	Füzesabony-Gubakút	Grave	3	Alföld LPC (Füzesabony–Gubakút phase 4)	Female	Adult		47.751377	20.414679	Domboróczki 1997, plate 31-32; Whittle et al. 2013, 66
547	Hungary	264	Füzesabony-Gubakút	Grave	5	Alföld LPC (Füzesabony–Gubakút phase 4)	Male	Adult		47.751377	20.414679	Domboróczki 1997, plate 31-32; Whittle et al. 2013, 66
675	Hungary	264	Füzesabony-Gubakút	Grave	4	Alföld LPC (Füzesabony–Gubakút phase 4)	Female	Juvenile		47.751377	20.414679	Whittle et al. 2013, 66
676	Hungary	264	Füzesabony-Gubakút	Grave	6	Alföld LPC (Füzesabony–Gubakút phase 4)	undetermined	Infant 2		47.751377	20.414679	Whittle et al. 2013, 66
677	Hungary	264	Füzesabony-Gubakút	Grave	8	Alföld LPC (Füzesabony–Gubakút phase 4)	undetermined	undetermined		47.751377	20.414679	Whittle et al. 2013, 66
678	Hungary	264	Füzesabony-Gubakút	Grave	13	Alföld LPC (Füzesabony–Gubakút phase 4)	undetermined	Infant 1		47.751377	20.414679	Whittle et al. 2013, 66
548	Hungary	252	Garadna-Elkerülő út, Site No. 2	Grave	undetermined	Bükk	undetermined	undetermined		48.418611	21.1746	Csengeri 2010, 230
549	Hungary	125	Istállóskö	undetermined	undetermined	Bükk				48.07185	20.418906	Korek 1954, 141-143 Fig. 1.27-28
591	Hungary	271	Kengyel-Halastó	undetermined	undetermined	Szakálhát				47.095403	20.342264	Raczky 1982, Fig. 12;
653	Hungary	257	Kesznyéten-Lúci Abony	Grave	S4	Middle Neolithic (Hungary)	undetermined	undetermined		47.966961	21.0444	Siklósi and Csengeri 2011, 53 Fig. 7
592	Hungary	265	Kompolt-Kistér	Grave	4	Latest phase of the Hungarian LPC	undetermined	Child		47.741	20.253	Bánffy et al. 1999, 42-43, plate 12.17-18
593	Hungary	265	Kompolt-Kistér	Grave	3	Latest phase of the Hungarian LPC	undetermined	undetermined		47.741	20.253	Bánffy et al. 1999, 117, plate 12.19,22-23
594	Hungary	265	Kompolt-Kistér	Grave	1	Latest phase of the Hungarian LPC	undetermined	undetermined		47.741	20.253	Bánffy et al. 1999, 124, plate 12.20-21, 24
575	Hungary	254	Megyaszó-Csákó	Grave	1	Bükk III	undetermined	Adult		48.185881	21.04935	Kalicz and Makkay, 1977, 75; Korek 1957, 18
583	Hungary	263	Mezőkeresztes-M3, Site No. 10	Grave	25	Bükk	undetermined	Child		47.830361	20.689331	Wolf and Simonyi 1995, Fig. 3
550	Hungary	262	Mezőkövesd-Mocsolyás	Grave	6	Alföld LPC (Szatmár Gruppe)	undetermined	Adult		47.76832	20.625568	Kalicz and Koós 2001, 47
551	Hungary	262	Mezőkövesd-Mocsolyás	Grave	8	Alföld LPC (Szatmár Gruppe)	Male	Adult		47.76832	20.625568	Kalicz and Koós 2001, 50
552	Hungary	262	Mezőkövesd-Mocsolyás	Grave	9	Alföld LPC (Szatmár Gruppe)	undetermined	Child		47.76832	20.625568	Kalicz and Koós 2001, 50
553	Hungary	262	Mezőkövesd-Mocsolyás	Grave	10	Alföld LPC (Szatmár Gruppe)	undetermined	Child		47.76832	20.625568	Kalicz and Koós 2001, 50
554	Hungary	262	Mezőkövesd-Mocsolyás	Grave	12	Alföld LPC (Szatmár Gruppe)	Female	Adult	Bead (ID 17115) was within the filling of the burial.	47.76832	20.625568	Kalicz and Koós 2001, 50
555	Hungary	262	Mezőkövesd-Mocsolyás	Grave	14	Alföld LPC (Szatmár Gruppe)	undetermined	Infant 2/Juvenile		47.76832	20.625568	Kalicz and Koós 2001, 50
556	Hungary	262	Mezőkövesd-Mocsolyás	Grave	16	Alföld LPC (Szatmár Gruppe)	Female	Adult		47.76832	20.625568	Kalicz and Koós 2001, 50
557	Hungary	262	Mezőkövesd-Mocsolyás	Grave	17	Alföld LPC (Szatmár Gruppe)	Female	Adult		47.76832	20.625568	Kalicz and Koós 2001, 50
558	Hungary	262	Mezőkövesd-Mocsolyás	Grave	21	Alföld LPC (Szatmár Gruppe)	undetermined	Adult	The Spondylus bead (ID 17144) probably comes from tomb 21, but it was found in a pit next to it.	47.76832	20.625568	Kalicz and Koós 2001, 51
559	Hungary	262	Mezőkövesd-Mocsolyás	Grave	24	Alföld LPC (Szatmár Gruppe)	undetermined	Child		47.76832	20.625568	Kalicz and Koós 2001, 51
600	Hungary	261	Mezőkövesd-Nagy-fertő	Grave	120	Szakálhát	undetermined	Infant		47.828991	20.537351	Csengeri 2004, 66 Fig.10
597	Hungary	255	Mezőzombor-Temető	Grave	48	Tiszadob-group	Male	Adult		48.151137	21.262869	Csengeri 2004, 65 Fig.2
598	Hungary	255	Mezőzombor-Temető	Grave	49	Tiszadob-group	undetermined	Infant 1		48.151137	21.262869	Csengeri 2004, 65 Fig.3
599	Hungary	255	Mezőzombor-Temető	Grave	62	Tiszadob-group	undetermined	Juvenile		48.151137	21.262869	Csengeri 2004, 65 Fig.4
668	Hungary	516	Mosonszentmiklós-Szilas	Grave	undetermined	Zseliz-Gruppe	undetermined	undetermined		47.716667	17.425	Siklósi 2004, 16; Kalicz and Szénászky 2001, 43
542	Hungary	259	Nagykálló-Strandfürdő	Grave	undetermined	Alföld LPC (Estár-Szamosgegend-Gruppe/Tiszadob-Gruppe)	undetermined	undetermined		47.878382	21.854116	Kalicz and Makkay 1977, 146; Korek 1957, 17
656	Hungary	137	Tiszabura	Grave	undetermined	Alföld LPC	undetermined	undetermined		47.45	20.466667	Siklósi 2004, 16
560	Hungary	272	Tiszaföldvár-Téglagyár	Grave	1977/25	Alföld LPC III-IV	undetermined	Adult		46.955903	20.254604	Oravecz 1998/99, 46-47 Fig. 4.1
561	Hungary	272	Tiszaföldvár-Téglagyár	Grave	1985/13a	Alföld LPC III-IV	Female	Mature		46.955903	20.254604	Oravecz 1998/99, 47-55 Fig.5.2
562	Hungary	272	Tiszaföldvár-Téglagyár	Grave	1986/42a	Alföld LPC III-IV	undetermined	Infant 2	The grave 1986/42a was disturbed by a later pit.	46.955903	20.254604	Oravecz 1998/99, 55 Fig. 6.2
564	Hungary	272	Tiszaföldvár-Téglagyár	Pit	1983/8a	Alföld LPC III-IV				46.955903	20.254604	Oravecz 1998/99, 52 Fig. 4
563	Hungary	256	Tiszalúc-Sarkadpuszta	Grave	B-13	Alföld LPC (Szatmár II)	Male	Mature		48.03675	21.062919	Oravecz 1996, 55-57
654	Hungary	258	Tiszavasvári-Deákhalmi-dűlő	Grave	9	Szakálhát	Male	Mature		47.966667	21.35	Kurucz 1994, 126
538	Italy	15	Arene Candide	Layer	26C	Ligurian Impressed Ware				44.169904	8.325364	Bernabò Brea 1956, 65, plate VII.5
539	Italy	15	Arene Candide	Layer	25G	Ligurian Impressed Ware				44.169904	8.325364	Bernabò Brea 1956, 65, plate XI.h-i
660	Italy	16	Arma dello Stefanin	undetermined	undetermined	Square Mouthed Pottery / Ligurian Impressed Ware				44.10349	8.018005	Leale Anfossi 1972
495	Italy	12	Casalecchio di Reno	Section	A	Fiorano				44.483333	11.283333	Ferrari et al. 2006
672	Italy	26	Catignano	Feature	9a	Catignano-Scaloria Bassa				42.34816	13.951307	Zamagni 2003, 203
669	Italy	11	Fiorano Modenese	undetermined	undetermined	Fiorano				44.536667	10.822778	Borrello and Micheli 2011, 27
581	Italy	18	Grotta dell' Orso	undetermined	undetermined	Early Neolithic/Middle Neolithic (norther Italy)				45.73264	13.72591	Micheli 2006, 441 Fig.4
492	Italy	14	Isorella-Cascina Bocche	Pit	undetermined	VHO				45.3092	10.3233	Perini et al. 1998
626	Italy	14	Isorella-Cascina Bocche	Pit	1	VHO				45.3092	10.3233	Starnini et al. 2000, 232-234 Fig. 2
490	Italy	13	Ostiano-Dugali Alti	Layer	undetermined	VHO				45.216667	10.25	Biagi 1995, 96
497	Italy	10	Passo di Corvo	Pit	ζ	Impressed Ware (Phase Masseria la Quercia)				41.553241	15.61097	Tinè 1983, 100 and plate 131.725 and plate 133.734
670	Italy	9	Ripa Tetta	undetermined	undetermined	Impressed Ware (Guadone)				41.504608	15.338022	Borrello and Micheli 2011, 27
671	Italy	27	Villa Badessa	undetermined	undetermined	Catignano-Scaloria Bassa				42.35351	14.038955	Borrello and Micheli 2011, 27
638	Poland	320	Scotkowice	Grave	undetermined	Latest LPC	undetermined	undetermined		50.35	20.333333	Krauss 1964, 69-76; Pavúk 1972, 61
180	Republic of Macedonia	213	Anza	Layer	II	Starčevo				41.813091	21.995962	Gimbutas 1974a, 60; Miller 1997b, 96-97
181	Republic of Macedonia	213	Anza	Layer	IV	Vinča A				41.813091	21.995962	Gimbutas 1974a, 60; Miller 1997b, 96-97
63	Romania	183	Agigea	undetermined	undetermined	Late Hamangia				44.091667	28.611389	Slobozianu 1959, 737 Fig. 2,3-5; Voinea et al. 2009
644	Romania	196	Alba Iulia (Lumea Nouă)	undetermined	undetermined	Vinča-Turdaş				46.063059	23.567703	Comşa 1973, 71; Schuster 2002, 52-53
512	Romania	149	Ceamurlia-de-Jos	undetermined	undetermined	Hamangia				44.733333	28.716667	Comşa 1973, 66; Enea 2009, 148
479	Romania	150	Cernavodă	Section	SI	Hamangia II				44.338056	28.033611	Kogălniceanu 2012
480	Romania	150	Cernavodă	Grave	404 a or b	Hamangia II	Male	Mature		44.338056	28.033611	Kogălniceanu 2012
481	Romania	150	Cernavodă	Grave	403	Hamangia II	Male	Mature		44.338056	28.033611	Kogălniceanu 2012
482	Romania	150	Cernavodă	undetermined	undetermined	Hamangia II				44.338056	28.033611	Kogălniceanu 2012
483	Romania	150	Cernavodă	Grave	290	Hamangia II	undetermined	Adult		44.338056	28.033611	Kogălniceanu 2012
484	Romania	150	Cernavodă	Section	CVD'55	Hamangia II				44.338056	28.033611	Kogălniceanu 2012
485	Romania	150	Cernavodă	Section	CVD	Hamangia II				44.338056	28.033611	Kogălniceanu 2012
486	Romania	150	Cernavodă	Section	CVD'56	Hamangia II				44.338056	28.033611	Kogălniceanu 2012
487	Romania	150	Cernavodă	Section	CVD'58	Hamangia II				44.338056	28.033611	Kogălniceanu 2012
513	Romania	190	Cernica	Grave	292	Early Boian	Female	Adult		44.412688	26.264688	Comşa and Cantacuzino 2001, 121
514	Romania	190	Cernica	undetermined	undetermined	Early Boian			No further details are given on the Spondylus jewellery from Cernica.	44.412688	26.264688	Enea 2009, 148
39	Romania	181	Limanu	undetermined	undetermined	Hamangia			More than 700 beads from marine shells of an unknown species were found.	43.808056	28.548889	Comşa 1973, 64; Schuster 2002; Voinea et al. 2009; Volschi and Irimia 1968, 83
621	Romania	192	Liubcova	undetermined	undetermined	Vinča B				44.655992	21.894036	Schuster 2002, 55
624	Romania	512	Magura - Buduiasca	undetermined	undetermined	Vădastra				44.018517	25.412192	Mirea 2009, 287
38	Romania	151	Mangalia	undetermined	undetermined	Hamangia III				43.817222	28.582778	Voinea et al. 2009; Volschi and Irimia 1968, 57-58
639	Romania	290	Olteniţa	Grave	undetermined	Boian	undetermined	undetermined		44.085643	26.637381	Schuster 2002, 55
641	Romania	152	Ostrovul Corbului	undetermined	undetermined	Vinča-Turdaş				44.50355	22.752359	Comşa 1973, 70
585	Romania	194	Parța	undetermined	undetermined	Vinča			Some of the artefacts are surface finds, while others were recovered from settlement strata.	45.627511	21.13304	Resch and Germann 1995
596	Romania	293	Radovanu	undetermined	undetermined	Late Boian (Transition to Gumelniţa)			Comşa (1990) mentions only the bracelet, while Schuster (2002) speaks of beads.	44.196598	26.51711	Comşa 1990, 96
627	Romania	409	Rast	undetermined	undetermined	Vinča-Turdaş				43.88333	23.28333	Chapman and Kostov 2010, 71
622	Romania	193	Răcăşdia	undetermined	undetermined	Vinča				44.996224	21.626339	Comşa 1973, 70; Schuster 2002
640	Romania	295	Sultana-Valea Orbului	Grave	undetermined	Boian-Bolintineau	undetermined	undetermined		44.260172	26.868877	Schuster 2002, 56
515	Romania	204	Tartăriă	Pit	undetermined	Vinča A			Together with the Spondylus artefacts, human bones were discovered in the settlement pit.	45.9	23.4	Lazarovici and Merlini 2008
643	Romania	195	Turdaş	undetermined	undetermined	Vinča-Turdaş				45.839942	23.117056	Comşa 1973, 71; Schuster 2002, 56
625	Romania	457	Vădastra	Surface find	undetermined	Vădastra				43.863473	24.378846	Gheorghiu 2011, 15 Fig. 2.4
642	Romania	188	Vărăşti (Settlement)	undetermined	undetermined	Boian				44.223136	26.939181	Comşa 1973, 67-68
506	Serbia	205	Aradac	undetermined	undetermined	Vinča			Number of Spondylus artefacts is uncertain.	45.379167	20.299722	Карапанџић 1922, 173; Milleker 1938, 107
505	Serbia	206	Botoš	Grave	undetermined	Vinča (early)	undetermined	undetermined		45.308333	20.636111	Milleker 1938, 112-114, 148
510	Serbia	419	Drenovac	undetermined	undetermined	Vinča-Turdaş				43.76013	21.430806	Bajčev and Stojanović 2016, 104; Vitezović 2011, 121
589	Serbia	211	Gaj-Čolak	undetermined	undetermined	Vinča				44.979931	21.094809	Chapman 1981, Fig. 105; Dimitrijević and Tripković 2006, 249
584	Serbia	348	Mostonga	Grave	undetermined	Vinča A	undetermined	Juvenile		45.51726	19.271709	Karmanski 1977, plate 7; Lichter 2001, 414
500	Serbia	202	Novi Knježevac - Kamara humka	Single find	undetermined	Vinča				46.083117	20.15998	Milleker 1938, 105
507	Serbia	207	Podporanj	undetermined	undetermined	Vinča				45.023635	21.244849	Milleker 1938, 148; Joanović 2002, 29 and 40
578	Serbia	212	Vinča-Belo Brdo	Layer	8,5m	Vinča				44.761944	20.623056	Dimitrijević and Tripković 2006, 243
579	Serbia	212	Vinča-Belo Brdo	Layer	7,5	Vinča				44.761944	20.623056	Dimitrijević and Tripković 2006, 243
580	Serbia	212	Vinča-Belo Brdo	Layer	7	Vinča				44.761944	20.623056	Dimitrijević and Tripković 2006, 243
502	Serbia	208	Vršac-At 1 und 2	undetermined	undetermined	Vinča				45.1203	21.3204	Milleker 1938, 148
503	Serbia	209	Vršac-Kozluk	undetermined	undetermined	Vinča				45.1432811	21.3361231	Milleker 1938, 148
501	Serbia	210	Vršac-Potporanje Granica	undetermined	undetermined	Vinča				45.074066	21.264299	Milleker 1938, 148
646	Serbia	203	Čoka-Kremenjak	Hoard	I	Early Vinča/transition Szakálhát-Tisza				45.933333	20.15	Raczky 1994
520	Slovakia	474	Bajč	Grave	1	Želiezovce	Female	Adult		47.916667	18.216667	Cheben 2000, 72
519	Slovakia	62	Holiare	Grave	undetermined	LPC	undetermined	Child	Bárta and Willvonseder (1934, 6) mention around 500 beads made of Spondylus.	47.833333	17.816667	Buttler 1938, plate 12.7; Bárta and Willvonseder 1934, 6
647	Slovakia	69	Hurbanovo	Surface find	undetermined	Želiezovce				47.876111	18.197222	Vencl 1959, 707
619	Slovakia	331	Iža	undetermined	undetermined	Late LPC and Želiezovce				47.750556	18.233333	Pavúk 1972, 58 Fig. 42
620	Slovakia	330	Milanovce	undetermined	undetermined	Želiezovce				48.1833	18.1667	Pavúk 1972, 62
460	Slovakia	250	Nitra	Grave	2	Middle LPC	Male	Mature		48.314722	18.0875	Pavúk 1972, 6
461	Slovakia	250	Nitra	Grave	6	Middle LPC	Female	Mature		48.314722	18.0875	Pavúk 1972, 8
462	Slovakia	250	Nitra	Grave	8	Middle LPC	Male	Mature		48.314722	18.0875	Pavúk 1972, 8
463	Slovakia	250	Nitra	Grave	21	Middle LPC	Male	Mature		48.314722	18.0875	Pavúk 1972, 11-12
464	Slovakia	250	Nitra	Grave	25	Middle LPC	Male	Mature		48.314722	18.0875	Pavúk 1972, 12
465	Slovakia	250	Nitra	Grave	34	Middle LPC	Male	Mature		48.314722	18.0875	Pavúk 1972, 14
466	Slovakia	250	Nitra	Grave	39	Middle LPC	Male	Mature		48.314722	18.0875	Pavúk 1972, 15-16
467	Slovakia	250	Nitra	Grave	58	Middle LPC	Male	Mature		48.314722	18.0875	Pavúk 1972, 20
468	Slovakia	250	Nitra	Grave	70	Middle LPC	Female	Adult	The grave has not been fully excavated.	48.314722	18.0875	Pavúk 1972, 22
516	Slovakia	68	Veľký Grob	Grave	undetermined	Bükk	undetermined	undetermined		48.253056	17.494444	Chropovský 1958, 26; Steklá 1956, 708;
517	Slovakia	251	Šarišské Michal’any	Grave	12 oder 13	Bükk	undetermined	Adult		49.069167	21.137222	Šiška 1986, 445
518	Slovakia	251	Šarišské Michal’any	Grave	undetermined	Bükk	undetermined	Child		49.069167	21.137222	Šiška 1986, 445
190	Turkey	298	Aşağı Pınar	Layer	3	Karanovo IV				41.720886	27.220529	Özdoğan and Parzinger 2000, 87
663	Turkey	298	Aşağı Pınar	Layer	5-6	Karanovo II - Karanovo III				41.720886	27.220529	Özdoğan 2013, 260 Fig. 144
662	Turkey	515	Barcın Höyük	Layer	VI	Late Neolithic (Turkey)				40.267082	29.60187	Baysal 2014; Gerritsen et al. 2013
540	Turkey	296	Uğurlu	Layer	III	Karanovo III				40.126505	25.707823	Erdoğu 2011, 50, Fig. 15.2 and 16
14	Turkey	281	Çatalhöyük-West	Oven	F.2966	Early Chalcolithic (Turkey)				37.6675	32.828333	Erdoğu 2009, 50-51
541	Ukraine	430	Lasaya Gora	Grave	undetermined	Azovo-Dnieprovskaya	undetermined	undetermined		47.4339	35.279342	Kotova 2016
680	Ukraine	529	Rovancì	Pit	46	LPC (Ukraine)				50.75	25.333333	Bardec’kyj et al. 2016
